,Codon List,rate
1,TTT,7.6
2,TTC,8.05
3,TTA,15.52
4,TTG,44.25
5,TCT,32.65
6,TCC,12.27
7,TCA,26.18
8,TCG,30.02
9,TAT,33.44
10,TAC,33.9
11,TGT,26.09
12,TGC,26.44
13,TGG,21.68
14,CTT,18.12
15,CTC,18.82
16,CTA,11.98
17,CTG,60.32
18,CCT,16.79
19,CCC,14.55
20,CCA,3.92
21,CCG,9.68
22,CAT,11.83
23,CAC,11.85
24,CAA,15.99
25,CAG,16.3
26,CGT,60.3
27,CGC,60.37
28,CGA,62.78
29,CGG,9.62
30,ATT,57.4
31,ATC,59.37
32,ATA,5.53
33,ATG,10.87
34,ACT,32.21
35,ACC,16.23
36,ACA,22.66
37,ACG,32.91
38,AAT,16.43
39,AAC,16.65
40,AAA,12.28
41,AAG,12.17
42,AGT,16.55
43,AGC,16.75
44,AGA,15.95
45,AGG,10.64
46,GTT,53.69
47,GTC,23.09
48,GTA,48.35
49,GTG,45.43
50,GCT,41.95
51,GCC,10.43
52,GCA,43.12
53,GCG,42.27
54,GAT,37.06
55,GAC,38.98
56,GAA,63.67
57,GAG,63.24
58,GGT,53.69
59,GGC,55.93
60,GGA,23.06
61,GGG,36.68